Name,Sex,From,To,Date,Time,Flight_number,E-ticket,Class,Sequence,Seat,PNR
LIDIYA ZHDANOVA,MRS,VLADIVOSTOK,SEOUL,2017-01-01,11:25,SU5436,7100246988860481,Y,32,N/A,DYELAO
MAKSIM KARTASHOV,MR,KAZAN,MOSCOW,2017-01-02,12:20,SU1191,8023093672216494,Y,42,N/A,JLXPWW
RADMIR GORSHKOV,MR,MOSCOW,HELSINKI,2017-01-03,09:35,SU2206,5532637664518321,Y,32,N/A,TISZPO
MARIIA SHULGINA,MRS,ARKHANGELSK,MOSCOW,2017-01-04,21:10,SU1337,3401758738858423,Y,14,N/A,JZRZYD
MAYYA NIKULINA,MRS,SAINT PETERSBURG,MOSCOW,2017-01-05,19:40,SU6023,9398520256248518,Y,84,N/A,TONREZ
IAROMIR FEDOTOV,MR,SAINT PETERSBURG,MOSCOW,2017-01-06,14:30,SU43,0454489245616418,Y,42,N/A,IBXOCT
ESENIYA NAUMOVA,MRS,TEL AVIV,NEW YORK NY,2017-01-07,22:35,DL469,9463459928173654,Y,72,N/A,JLZQLT
MAYOROVA EKATERINA,MRS,MOSCOW,STUTTGART,2017-01-08,08:30,SU2336,7959014759847115,Y,92,N/A,JXGMHO
OLESYA M LEONOVA,MRS,PRAGUE,AMSTERDAM,2017-01-09,06:00,CI9070,6151942751592330,Y,89,N/A,MYOROZ
OLGA PIMENOVA,MRS,MOSCOW,VERONA,2017-01-10,07:25,AZ7219,4024358196233127,Y,8,N/A,PBXNIZ
BULGAKOVA GALINA,MRS,MOSCOW,AMSTERDAM,2017-01-11,17:00,SU3204,1993469860247264,Y,10,N/A,KXZDEB
AMELIYA SEMINA,MRS,TASHKENT INTERNATIONAL,URUMQI,2017-01-12,00:50,CZ6030,7237811988093354,Y,81,N/A,VDBSXT
IURII NIKOLAEV,MR,VLADIVOSTOK,KHABAROVSK,2017-01-13,16:35,SU5602,6509097804760961,A,31,N/A,CSHDPX
MIROSLAVA SHMELEVA,MRS,CHELYABINSK,MOSCOW,2017-01-14,12:50,SU1421,2446979292787305,A,16,N/A,CURMSH
CHERNOVA NINA,MRS,MOSCOW,VALENCIA,2017-01-15,06:50,SU2502,9304316773151922,Y,46,N/A,CAMSKX
TAMARA G KHROMOVA,MRS,BARNAUL,MOSCOW,2017-01-16,07:05,SU1431,3484666922313352,Y,77,N/A,WCDAAJ
OKSANA LAPSHINA,MRS,PHUKET,BANGKOK,2017-01-17,10:25,CI9852,7101733505440716,Y,41,N/A,SHFUJI
YASMINA BELYAEVA,MRS,MOSCOW,ROME,2017-01-18,08:55,AZ7025,9595878454929627,Y,43,N/A,XJHXAU
ESENIYA SOFRONOVA,MRS,MOSCOW,SAINT PETERSBURG,2017-01-19,20:05,SU32,3550543499087409,Y,75,N/A,AIJJHC
LILIIA EMELIANOVA,MRS,SAMARA,SAINT PETERSBURG,2017-01-20,12:30,SU6234,1501478615316491,Y,67,N/A,ASFTAB
KIRILL TROSHIN,MR,MOSCOW,TEL AVIV,2017-01-21,00:30,SU500,9782887112979058,Y,45,N/A,LWHLWT
VSEVOLOD KOMAROV,MR,PARIS,VALENCIA,2017-01-22,15:40,AF5064,0527984843882978,Y,99,N/A,TYLHOP
SMIRNOVA EKATERINA,MRS,MOSCOW,WARSAW,2017-01-23,17:50,SU2002,5781956657370612,Y,28,N/A,DDBHJI
SAMIR ERMOLAEV,MR,AMSTERDAM,HANGZHOU,2017-01-24,17:20,MF9811,5723840729865293,Y,66,N/A,KBBKRM
EMIL' UL'YANOV,MR,YUZHNO,SEOUL,2017-01-25,10:35,SU5496,6093041817092740,Y,47,N/A,UKHCRP
AMINA NAUMOVA,MRS,HARBIN,SEOUL,2017-01-26,08:35,CZ683,6843458982378863,Y,61,N/A,PQRGNZ
EGOR MALTSEV,MR,YUZHNO,KHABAROVSK,2017-01-27,08:40,SU5625,8063343671438069,Y,10,N/A,CWQYJK
VLADISLAV BOLDYREV,MR,ROME,GENOA,2017-01-28,17:20,AZ1391,6346815352193370,P,21,N/A,DRDLVL
BOGDAN PARAMONOV,MR,KHABAROVSK,OKHA,2017-01-29,14:20,SU4605,1124914722418470,Y,38,N/A,WLICJB
DAR'YA PIMENOVA,MRS,MADRID,CORDOBA,2017-01-30,23:45,AR7357,7769828303734083,Y,76,N/A,HOHMSF
DANILA GALKIN,MR,SYKTYVKAR,MOSCOW,2017-01-31,06:05,SU1397,3029881627737536,Y,97,N/A,WICTVO
LEV SHEVELEV,MR,SYKTYVKAR,SAINT PETERSBURG,2017-02-01,04:35,SU6588,0114078386778025,Y,28,N/A,JXUYNW
VERONIKA BLOKHINA,MRS,NEW YORK NY,TAMPA FL,2017-02-02,19:25,DL211,7088875902237432,Y,99,N/A,GOLIAT
VIOLETTA KLIMOVA,MRS,PARIS,FRANKFURT,2017-02-03,07:25,KQ3024,1552988856197873,Y,74,N/A,VTSAWP
VIKTORIYA BEREZINA,MRS,MOSCOW,PARIS,2017-02-04,07:45,AF4901,6601745674643574,Y,100,N/A,MYSYQD
VIOLETTA TOKAREVA,MRS,MOSCOW,BUDAPEST,2017-02-05,20:10,SU2468,2889305906766769,Y,70,N/A,EWVRHY
MELANIYA ASTAKHOVA,MRS,VLADIVOSTOK,YUZHNO,2017-02-06,12:30,SU5606,0377897890486393,Y,62,N/A,OSRNDW
SEMEN YASHIN,MR,MOSCOW,GENEVA,2017-02-07,08:50,CZ7209,9611345568070688,A,83,N/A,BFYKOR
SOFIYA IGNATOVA,MRS,DUBAI,RIYADH,2017-02-08,18:15,SV555,6284156963547653,Y,25,N/A,VMWONK
MARSEL' GORDEEV,MR,MOSCOW,MALE,2017-02-09,21:50,SU320,6661718720042729,Y,46,N/A,BGJTXS
ANGELINA GOLOVINA,MRS,MILAN,SAINT PETERSBURG,2017-02-10,13:00,AZ7210,7382733278652378,Y,4,N/A,HZMGBW
ELENA PANTELEEVA,MRS,MOSCOW,SAINT PETERSBURG,2017-02-11,20:35,SU6036,4781202173021007,Y,56,N/A,NRNRFN
SHMELEVA EVA,MRS,YUZHNO,SEOUL,2017-02-12,10:35,KE5988,8630202781949152,Y,85,N/A,VQQYDF
IGNATOVA IAROSLAVA,MRS,VLADIVOSTOK,SEOUL,2017-02-13,18:30,SU5464,5592782548802065,Y,95,N/A,NHMSJW
YAROMIR T CHERNYSHEV,MR,MILAN,KUWAIT,2017-02-14,14:00,AZ7002,8231892890400656,J,38,N/A,BAWRHY
SVIATOSLAV RAKOV,MR,VENICE,CATANIA,2017-02-15,10:10,AZ1699,9682557515882449,J,54,N/A,NUCTDD
RUDAKOVA ANGELINA,MRS,BUCHAREST,BRUSSELS,2017-02-16,07:40,RO371,0771248845362579,Y,16,N/A,WXZXZS
VARVARA M TARASOVA,MRS,SEOUL,SEATTLE WA,2017-02-17,15:50,DL9010,2821477053385661,Y,85,N/A,JBZVBH
SAMIRA OZEROVA,MRS,KOSICE,BRATISLAVA,2017-02-18,20:10,OK967,5827059016330823,J,26,N/A,GDAVJV
MAIIA STAROSTINA,MRS,ROME,MADRID,2017-02-19,14:05,UX3118,4793439482999200,Y,7,N/A,YMBHES
LEONID GLUKHOV,MR,UFA,SAINT PETERSBURG,2017-02-20,06:05,SU6412,1574511590881920,Y,53,N/A,YEQEZS
DANIEL' TIKHONOV,MR,MOSCOW,DUBAI,2017-02-21,07:50,SU520,7175999663951061,Y,38,N/A,CYUVIV
VERONIKA T EFIMOVA,MRS,ROME,ATLANTA GA,2017-02-22,10:25,DL65,2586738648147452,Y,33,N/A,KCMRMW
IVAN ELISEEV,MR,ISTANBUL,MADRID,2017-02-23,14:05,UX3906,9957981358241942,A,0,N/A,TXJCCZ
TAMERLAN SAVIN,MR,COPENHAGEN,AMSTERDAM,2017-02-24,09:50,KL1126,9344461317218956,Y,89,N/A,WEJCOP
DAVID SURKOV,MR,SIMFEROPOL,MOSCOW,2017-02-25,15:40,SU6176,0775146360409345,Y,33,N/A,BSCTCH
SVETLANA KUKUSHKINA,MRS,PARIS,MANCHESTER,2017-02-26,08:25,KQ3226,7977611972203339,Y,29,N/A,DSIVKH
ARTUR S ZHAROV,MR,MOSCOW,SAMARA,2017-02-27,00:15,SU1206,6102896909401080,Y,24,N/A,QJLETK
GAVRILOVA MARINA,MRS,GUANGZHOU,HAIKOU,2017-02-28,15:05,CZ340,1989677840825765,J,70,N/A,GUNBAA
AMALIYA DEGTYAREVA,MRS,MILAN,RIGA,2017-03-01,10:20,AZ7795,9244482534816525,Y,9,N/A,GVDHSX
ALBERT KLIUEV,MR,PRAGUE,HELSINKI,2017-03-02,11:00,OK480,9064851147222173,Y,8,N/A,KNNHAD
NIKA GLUSHKOVA,MRS,QINGDAO,DALIAN,2017-03-03,10:25,MF3509,5897001976562467,Y,68,N/A,RVMKEG
VIOLETTA PROKHOROVA,MRS,BANJARMASIN,JAKARTA,2017-03-04,18:45,GA529,1175192891961616,Y,94,N/A,QEKMVV
CHERNYKH ANTONINA,MRS,WASHINGTON,ATLANTA GA,2017-03-05,19:30,DL1371,2214439078850174,Y,47,N/A,BHPISC
TROITSKAYA LILIYA,MRS,KHABAROVSK,VLADIVOSTOK,2017-03-06,08:00,SU5603,4318992729905379,A,18,N/A,QJHUSJ
LEONID RODIONOV,MR,MIAMI FL,NEW YORK NY,2017-03-07,19:30,DL313,9240985245076651,A,99,N/A,SEVBVO
ALEKSANDRA TOLKACHEVA,MRS,XIAN,NINGBO,2017-03-08,21:35,MU2394,5365575878423495,J,59,N/A,WBVOXN
YAROMIR R KOROLEV,MR,CHENGDU,BEIJING,2017-03-09,16:30,CZ6184,5635794579353109,Y,76,N/A,UWRVKX
VALENTINA KORCHAGINA,MRS,MOSCOW,SAINT PETERSBURG,2017-03-10,10:45,SU6018,8818754842571794,Y,68,N/A,FKGGIQ
IASMINA MALININA,MRS,AMSTERDAM,VENICE,2017-03-11,12:25,KL1654,1981061412693873,Y,5,N/A,GJANUT
SEMENOVA MIROSLAVA,MRS,YUZHNO,MOSCOW,2017-03-12,11:45,SU6284,6990392429172461,Y,86,N/A,USMLKF
CHERNYKH MARGARITA,MRS,VORONEZH,MOSCOW,2017-03-13,21:05,SU1355,3499754609174164,Y,80,N/A,HNCWSO
VLADISLAV MAKSIMOV,MR,MOSCOW,SHANGHAI,2017-03-14,18:10,MU592,8384453205735880,Y,78,N/A,NSYAKZ
IAROMIR NIKIFOROV,MR,SEOUL,SINGAPORE,2017-03-15,18:35,KE645,2280605945749256,A,15,N/A,TNMYJZ
SERGEY SOBOLEV,MR,TOMSK,MOSCOW,2017-03-16,10:40,SU1537,9248809439445640,Y,22,N/A,YATIXY
OLEG PAKHOMOV,MR,LILLE,MARSEILLE,2017-03-17,07:00,AF7006,1501509069094881,J,62,N/A,PZDPGQ
PLATON ZHAROV,MR,MOSCOW,VOLGOGRAD,2017-03-18,22:10,SU1180,5274206497242737,J,21,N/A,NSJNGQ
FOKINA LIUBOV,MRS,BARCELONA,ALMERIA,2017-03-19,10:00,UX4647,0601450740865237,Y,0,N/A,GUCURZ
BOGDAN BONDAREV,MR,NEW YORK NY,ATLANTA GA,2017-03-20,13:45,DL2663,6671495566852313,Y,51,N/A,CIIXAG
SAVELIY GOROKHOV,MR,XIAN,BEIJING,2017-03-21,18:00,MU2115,4868570876354985,Y,23,N/A,QIBXSK
ANATOLIY MALAKHOV,MR,PARIS,TOULOUSE,2017-03-22,13:15,AF6127,1594117201719500,J,32,N/A,AAIAMW
ANZHELIKA BELKINA,MRS,ROME,BUENOS AIRES,2017-03-23,21:45,AR7201,5175320198343948,Y,63,N/A,GTKYZO
ELINA GOROKHOVA,MRS,BEIJING,YINCHUAN,2017-03-24,19:15,CZ6117,6108401028832200,Y,37,N/A,EJGAYY
SAMIRA MAKSIMOVA,MRS,NHA TRANG,SHANGHAI,2017-03-25,04:00,VN461,9593007797349211,Y,40,N/A,IEMXIS
EDUARD ILIN,MR,SAINT PETERSBURG,UFA,2017-03-26,14:50,SU6413,7502087438326847,Y,58,N/A,MMIYHR
KUZINA POLINA,MRS,PARIS,COPENHAGEN,2017-03-27,12:25,AF1850,7107802387223343,A,93,N/A,CXTNYK
RIABININA ANTONINA,MRS,PARIS,MALAGA,2017-03-28,10:10,AF5052,1466869724480903,A,45,N/A,VFGNPQ
VERA PIROGOVA,MRS,PARIS,CASABLANCA,2017-03-29,07:10,AF1896,9358021737355470,Y,99,N/A,NRDRLT
AGAFONOV LEV,MR,SEOUL,SEOUL,2017-03-30,06:50,KE1601,4357593264588488,Y,9,N/A,QCSPIE
AMELIYA SVIRIDOVA,MRS,SAINT PETERSBURG,PARIS,2017-03-31,10:05,SU6635,9393083709071153,Y,51,N/A,ZNNTKQ
YAROMIR ANDRIANOV,MR,ROME,MOSCOW,2017-04-01,23:35,SU2405,9734909716529342,A,31,N/A,QSERBE
ROMAN LARIONOV,MR,YEREVAN,MOSCOW,2017-04-02,21:35,SU1863,2302574272560101,Y,9,N/A,ZSESIS
MILANA ZVIAGINTCEVA,MRS,SHANGHAI,PHNOM PENH,2017-04-03,18:50,MU759,8800359283784967,Y,98,N/A,BTKWSI
VITALIY VLADIMIROV,MR,YANTAI,WENZHOU,2017-04-04,17:50,MU9470,0055940912684668,Y,20,N/A,CILFAL
NIKOLAY KIREEV,MR,ROME,MILAN,2017-04-05,16:30,AZ2082,4533780222742917,Y,50,N/A,WTVEAP
DAVID NIKOLAEV,MR,BUDAPEST,BUCHAREST,2017-04-06,19:30,RO238,9428908527647457,Y,100,N/A,IZUSPJ
RAMIL ROZHKOV,MR,MOSCOW,KRASNOYARSK,2017-04-07,00:15,SU1482,8366391494374150,Y,42,N/A,POFVPI
AL'BINA BORODINA,MRS,GUANGZHOU,SHANGHAI,2017-04-08,21:50,CZ3180,9280697498411131,Y,43,N/A,IBTIPM
AMELIYA ALESHINA,MRS,PRAGUE,PARIS,2017-04-09,19:25,AF1583,1527911009189876,Y,32,N/A,BTBULX
DANIL GUSEV,MR,TASHKENT INTERNATIONAL,SEOUL,2017-04-10,22:20,KE5942,6345570848987623,Y,99,N/A,PXJSSY
MADINA OKULOVA,MRS,BEIJING,ZHUHAI,2017-04-11,16:00,CZ3734,4892020770687464,Y,16,N/A,WJXZBU
AL'BINA DOBRYNINA,MRS,PARIS,TOULOUSE,2017-04-12,16:30,AF6130,3005864306638858,Y,14,N/A,BWVBAI
AL'BERT LAPIN,MR,MOSCOW,NOVOSIBIRSK,2017-04-13,20:05,SU1548,1088632418169711,Y,93,N/A,PYAQAX
OL'GA IZMAYLOVA,MRS,JAKARTA,YOGYAKARTA,2017-04-14,05:15,GA202,2431724187720400,Y,58,N/A,UYFKCL
IVAN ORLOV,MR,ASTANA,URUMQI,2017-04-15,20:55,CZ6014,9936059293920610,Y,43,N/A,ATPDHB
AGATA KOZHEVNIKOVA,MRS,PHUKET,GUANGZHOU,2017-04-16,00:01,CZ6058,3856744338916701,Y,62,N/A,KXTRDT
ALISA KOSHELEVA,MRS,DUBLIN,NEW YORK NY,2017-04-17,09:55,KL6191,3574853478961527,Y,63,N/A,PTGXIC
TIMOFEY VOROB'EV,MR,MOSCOW,VIENNA,2017-04-18,09:50,SU2184,8592020527937089,Y,6,N/A,GXIZVF
DEMID TROITSKIY,MR,SAMARA,MOSCOW,2017-04-19,12:35,SU1211,5224032092911768,Y,9,N/A,ZRAJQG
INNA TUMANOVA,MRS,MILAN,ROME,2017-04-20,11:10,AZ1019,6326776654403580,Y,59,N/A,QHGAXS
SABINA LIUBIMOVA,MRS,BARCELONA,SEVILLA,2017-04-21,08:45,UX4681,6770306096229428,Y,21,N/A,AQICZS
SNEZHANA LOBANOVA,MRS,SEOUL,TOKYO,2017-04-22,06:40,KE5715,5350243415480649,Y,100,N/A,HOCCEJ
NINA BELKINA,MRS,MOSCOW,NIZHNEKAMSK,2017-04-23,11:10,SU1255,3817709378907543,Y,60,N/A,WZPUMD
SVIATOGOR NOVIKOV,MR,PARIS,KUNMING,2017-04-24,11:50,MU774,8034612218551949,Y,95,N/A,LWLZFL
EGOR SPIRIDONOV,MR,PRAGUE,NICE,2017-04-25,10:15,OK744,0470178697371008,Y,30,N/A,ODIXFD
PAVLOVSKIY KONSTANTIN,MR,IRKUTSK,MOSCOW,2017-04-26,09:55,SU1443,4827698480085877,Y,64,N/A,YWAKDX
VASILINA PANFILOVA,MRS,HANOI,HO CHI MINH CITY,2017-04-27,21:00,VN285,2770076028487190,Y,100,N/A,DJGKAU
DENIS KOZYREV,MR,AKTAU,MOSCOW,2017-04-28,04:25,SU1955,6190644811446558,Y,2,N/A,GJBXIU
ADEL' FILATOV,MR,MILAN,MOSCOW,2017-04-29,17:25,AZ7948,7117171755079758,Y,82,N/A,EWYDPX
MILANA SHEVELEVA,MRS,SIMFEROPOL,MOSCOW,2017-04-30,12:15,SU1621,8144747283706483,Y,87,N/A,LRPTLL
RODION IL'INSKIY,MR,MILAN,ROME,2017-05-01,09:00,AZ2029,0272801095306520,Y,100,N/A,IMSOTJ
ANASTASIYA I OKULOVA,MRS,MADRID,LANZAROTE,2017-05-02,08:05,UX9919,8343066198982821,Y,41,N/A,BIHXBD
DANIL OZEROV,MR,AMSTERDAM,GDANSK,2017-05-03,06:30,KL1916,9948706368429328,Y,56,N/A,ONVMWC
LYUDMILA BELIKOVA,MRS,MADRID,LA CORUNA,2017-05-04,14:15,UX7235,8012473001761289,Y,98,N/A,CWQTYF
STEPAN DEMIDOV,MR,HO CHI MINH CITY,PHU QUOC ISLAND,2017-05-05,11:55,VN1825,5738543816351628,Y,51,N/A,VYNHNQ
VITALIY GRIGOR'EV,MR,MADRID,GRAN CANARIA,2017-05-06,07:00,UX9156,4211461976039186,Y,96,N/A,JXKORH
BORIS S LAPSHIN,MR,SEOUL,JAKARTA,2017-05-07,10:35,GA879,8526596943929049,J,31,N/A,GHPHWT
SNEZHANA PARFENOVA,MRS,COPENHAGEN,PRAGUE,2017-05-08,09:15,OK505,5401177943993969,Y,47,N/A,KNDXTJ
MADINA GERASIMOVA,MRS,GUIYANG,SHIYAN,2017-05-09,08:50,CZ6583,7739801629248746,Y,25,N/A,ETBQHV
NIKOLSKAIA MIROSLAVA,MRS,ATLANTA GA,CLEVELAND OH,2017-05-10,12:24,DL661,4427871492043301,Y,85,N/A,TEFBAX
RODION KALMYKOV,MR,WASHINGTON,NEW YORK NY,2017-05-11,10:00,DL5228,7071680946061276,Y,9,N/A,JKQSXC
ROZANOVA IRINA,MRS,BOLOGNA,BACAU,2017-05-12,18:00,AZ7380,4400147780457761,A,2,N/A,LYLBLB
RUSLAN MAYOROV,MR,BRIVE,PARIS,2017-05-13,07:20,AF5528,5285082091896520,Y,65,N/A,AKRYKX
VLADA LEONOVA,MRS,VERONA,ROME,2017-05-14,19:15,AZ1494,4873553727439458,Y,40,N/A,BNKQFJ
SAVELII BULGAKOV,MR,MOSCOW,DUBAI,2017-05-15,07:50,KQ3503,5255194383794046,Y,35,N/A,SBZBOY
VERONIKA KOLOSOVA,MRS,SEOUL,AOMORI,2017-05-16,10:30,KE767,4632537337404452,Y,71,N/A,UWCCFQ
KONSTANTIN KORSHUNOV,MR,SINGAPORE,HANOI,2017-05-17,16:10,GA9606,3225609457609021,A,31,N/A,DXQZIU
ELMIRA PETUKHOVA,MRS,AMSTERDAM,MILAN,2017-05-18,14:40,KL1631,6932875988779898,Y,54,N/A,GIPXLI
TIMOFEY KUPRIYANOV,MR,SHANGHAI,SHENZHEN,2017-05-19,19:55,CZ3610,9292236333081082,Y,44,N/A,ZQNSYB
PETR BEREZIN,MR,GANZHOU,BEIJING,2017-05-20,16:10,CZ3255,0471106273349723,Y,76,N/A,HZVEOD
CHEREPANOVA IRINA,MRS,BORDEAUX,LYON,2017-05-21,06:30,AF5368,3803151083585879,Y,29,N/A,ZRBDTK
BIRIUKOVA MADINA,MRS,MOSCOW,KEMEROVO,2017-05-22,20:20,SU1450,5117068689686216,Y,18,N/A,SYOTNS
TATIANA EZHOVA,MRS,NEW YORK NY,SAN FRANCISCO CA,2017-05-23,15:50,DL2634,8170182828900731,Y,29,N/A,HBWGTG
ELVIRA KORSHUNOVA,MRS,MILAN,NAPLES,2017-05-24,13:15,AZ1299,9764844495725039,A,92,N/A,RWFMJR
DAMIR IUDIN,MR,ROME,MALTA,2017-05-25,09:30,AZ884,1591946602889664,Y,6,N/A,VWHKUN
DENIS LOPATIN,MR,SHANGHAI,ZHUHAI,2017-05-26,13:25,MU9516,2054247251167012,Y,74,N/A,VSMIUO
EVA LEBEDEVA,MRS,PALMA DE MALLORCA,MADRID,2017-05-27,12:25,UX6048,3022482074169949,Y,87,N/A,FFCYWR
ELISEY D GREKOV,MR,JAZAN,JEDDAH,2017-05-28,01:20,SV1793,0745884557176239,Y,63,N/A,IHODUK
VASILIY SHUL'GIN,MR,MILAN,ROME,2017-05-29,07:00,AZ2013,1414214061675664,J,47,N/A,FQXNHM
SOFIYA UVAROVA,MRS,HANOI,SEOUL,2017-05-30,12:15,VN3412,2692640276869217,Y,63,N/A,BCTKAC
DARINA SOMOVA,MRS,CHICAGO IL,ATLANTA GA,2017-05-31,11:05,DL972,1230287732907768,Y,65,N/A,UZJJVE
ELIZAVETA KISELEVA,MRS,QINGDAO,GUANGZHOU,2017-06-01,07:05,MU5257,1331388632378539,Y,86,N/A,KZFXQC
RODION MERKULOV,MR,PARIS,NEW YORK NY,2017-06-02,19:40,AF7,6978359219402735,Y,53,N/A,PYCVPQ
AIDAR ILIN,MR,GUIYANG,NINGBO,2017-06-03,14:25,CZ6723,8173691225448288,A,30,N/A,HNKAKL
RUSLAN EVSEEV,MR,AL NAJAF,BEIRUT,2017-06-04,00:20,ME345,6000380297013812,Y,59,N/A,FJXYAC
SNEZHANA BULATOVA,MRS,SAINT PETERSBURG,MOSCOW,2017-06-05,17:55,SU6035,8578860373854992,Y,73,N/A,FTJBOO
ALEXEY GUSHCHIN,MR,MOSCOW,TBILISI,2017-06-06,21:10,SU1892,7902434697439890,Y,68,N/A,BRWFDC
STANISLAV SOMOV,MR,MILAN,AMSTERDAM,2017-06-07,11:20,KL1620,5514776960578791,Y,78,N/A,OMFCMY
PETR KRASNOV,MR,URUMQI,GUANGZHOU,2017-06-08,08:55,CZ6957,4478211574430722,Y,15,N/A,PVSZYH
DMITRII KOSHELEV,MR,TURIN,PARIS,2017-06-09,08:15,AZ7428,1897453734216675,Y,8,N/A,GHEFKB
ANATOLII ALESHIN,MR,MOSCOW,VLADIVOSTOK,2017-06-10,15:10,SU6291,7234839143217928,Y,32,N/A,WJQYSA
ALIYA DRUZHININA,MRS,MOSCOW,DELHI,2017-06-11,13:55,SU234,2780997705175842,Y,46,N/A,HMIDYK
LIANA PUGACHEVA,MRS,PITTSBURGH PA,ATLANTA GA,2017-06-12,09:30,DL1533,3957418246574461,Y,42,N/A,VRTCLJ
VIKTORIYA LYUBIMOVA,MRS,CHENGDU,GUANGZHOU,2017-06-13,13:25,CZ3182,3224416633141088,Y,0,N/A,WRYOHI
STEPAN GRISHIN,MR,BERLIN,SAINT PETERSBURG,2017-06-14,17:50,SU6640,2296668575945796,Y,55,N/A,IUXHKI
OLEG GERASIMOV,MR,GUILIN,NANJING,2017-06-15,08:05,CZ3265,1597926132291930,Y,83,N/A,NJTXKW
TATIANA MALYSHEVA,MRS,JAKARTA,PALEMBANG,2017-06-16,15:15,GA110,1485371934272233,Y,62,N/A,JVGHNG
ANDREY MEDVEDEV,MR,CHIANG MAI,BANGKOK,2017-06-17,14:15,CI9712,5418403435855646,Y,1,N/A,DXZYBH
DANIL EROFEEV,MR,RIYADH,JEDDAH,2017-06-18,22:00,SV1053,0312197473116112,Y,65,N/A,DWGBOO
VASILISA TROSHINA,MRS,HO CHI MINH CITY,SEOUL,2017-06-19,11:05,KE5677,3864356224630828,Y,94,N/A,MSHRSI
AMELIIA KALMYKOVA,MRS,ABU DHABI,MAHE ISLAND,2017-06-20,02:40,AZ5615,4567476005636285,A,85,N/A,CYSEMA
SAMIRA IL'INSKAYA,MRS,TAIPEI,ZHENGZHOU,2017-06-21,11:50,CZ3024,3261325237513077,Y,86,N/A,PSUETK
LEONID ANDRIANOV,MR,MADINAH,ORAN,2017-06-22,02:30,SV2413,3864552424846422,Y,32,N/A,ZXGLBX
VLADA VOLOSHINA,MRS,VLADIVOSTOK,HONG KONG,2017-06-23,17:30,SU5474,4036445790892982,Y,92,N/A,TXMXNA
ANZHELIKA KONDRASHOVA,MRS,SEATTLE WA,DETROIT MI,2017-06-24,06:30,DL2459,2214969099641197,Y,9,N/A,ZIFBLB
VIACHESLAV ARTEMOV,MR,CINCINNATI OH,MINNEAPOLIS/ST PAUL MN,2017-06-25,06:45,DL5223,4194107560367443,Y,20,N/A,BWGKAJ
KSENIYA VORONINA,MRS,SEOUL,GUAM,2017-06-26,06:30,KE5777,8924890806566123,Y,11,N/A,LAXBKC
NATAL'YA P BELYAEVA,MRS,CORDOBA,BUENOS AIRES,2017-06-27,08:20,AR1513,7285629827839051,Y,8,N/A,DNDOCH
NIKITA TROSHIN,MR,URUMQI,XINING,2017-06-28,08:10,CZ6951,2516483957665941,Y,95,N/A,NZIBED
MELANIYA NAUMOVA,MRS,POINTE,PARIS,2017-06-29,21:35,AF833,7637555049840816,P,69,N/A,CHEDHA
SVYATOGOR SEMENOV,MR,WARSAW,PRAGUE,2017-06-30,19:35,OK779,5415103444332712,Y,94,N/A,JKHMEL
MARINA ERMOLAEVA,MRS,HOUSTON TX,NEW YORK NY,2017-07-01,12:10,DL3777,3655014536333962,Y,42,N/A,RYHRPS
DEMID MUKHIN,MR,MOSCOW,SAINT PETERSBURG,2017-07-02,06:10,SU6,0087651124526993,Y,31,N/A,SNEFAK
RUSLAN EMEL'YANOV,MR,QINHUANGDAO,SHANGHAI,2017-07-03,10:05,MU9142,4700930384626250,Y,49,N/A,KTCZHF
ELISEI NIKULIN,MR,HANOI,DA NANG,2017-07-04,19:00,VN187,2975930974730029,Y,82,N/A,STJKNU
TIMUR CHERNIAEV,MR,IASI,BUCHAREST,2017-07-05,07:40,RO701,9841566098150883,Y,60,N/A,DSWVNU
KAMILLA GRIGOR'EVA,MRS,VOLGOGRAD,MOSCOW,2017-07-06,14:55,SU1189,4977623767985184,A,27,N/A,PCBAEP
EVGENIIA MOSKVINA,MRS,MOSCOW,TEL AVIV,2017-07-07,13:15,SU508,7575100951992473,Y,73,N/A,KABQFV
GERMAN M BULGAKOV,MR,SEATTLE WA,SPOKANE WA,2017-07-08,16:10,DL390,4543054641847033,Y,70,N/A,VCCUBK
ANNA KORSHUNOVA,MRS,XINING,YUSHU,2017-07-09,16:40,MU2218,8175161219310880,Y,100,N/A,PWOYEP
ZLATA KOROVINA,MRS,LONDON,ATLANTA GA,2017-07-10,14:50,KL6076,2273084661060062,Y,68,N/A,JXJRRM
AMELIIA SKVORTSOVA,MRS,SURGUT,MOSCOW,2017-07-11,07:05,SU1513,0234600726035494,A,19,N/A,KAOULF
RODION SVIRIDOV,MR,TOKYO,GUANGZHOU,2017-07-12,15:05,MF9248,6572305304249170,Y,40,N/A,FSPPKW
VIKTORIYA SHISHKINA,MRS,SOCHI,SAINT PETERSBURG,2017-07-13,12:30,SU6564,3518716455693491,Y,11,N/A,YZCHQT
ZARINA SUBBOTINA,MRS,KUNMING,ZHUHAI,2017-07-14,21:20,CZ3748,2540909838172479,Y,14,N/A,XBBYTK
YAROMIR A GORSHKOV,MR,MELBOURNE,ADELAIDE,2017-07-15,08:10,DL7707,0445631355886602,Y,8,N/A,LBOAMK
STEPAN SAVELEV,MR,LONDON,NEWCASTLE,2017-07-16,17:35,CZ7217,6527845233065735,Y,61,N/A,XFYLEZ
RINAT BAZHENOV,MR,NIZHNEVARTOVSK,MOSCOW,2017-07-17,17:35,SU1475,4650006075471082,A,12,N/A,LSLPGB
SERGEI SINITSYN,MR,POINTE A PITRE,SAN JUAN,2017-07-18,15:00,AF4561,8600348893172904,Y,19,N/A,PRCARZ
LEV KOVALEV,MR,MILAN,BIRMINGHAM,2017-07-19,10:25,AZ7942,2338449502240501,Y,68,N/A,HLZMLJ
TAISIYA BORISOVA,MRS,PARIS,CASABLANCA,2017-07-20,12:25,AF1596,2054788462522264,Y,79,N/A,JYGLLY
NIKOLAY PROKOF'EV,MR,NANTES,PARIS,2017-07-21,11:20,AF7725,3541412891787209,J,54,N/A,JZEJJB
NATALIIA CHEREPANOVA,MRS,LONDON,DETROIT MI,2017-07-22,09:40,KL6082,3955532964762800,Y,3,N/A,XTOCSD
YAROMIR GREKOV,MR,MIAMI FL,NEW YORK NY,2017-07-23,15:32,DL1437,3872674745170870,P,97,N/A,YVBLMA
EVELINA PANINA,MRS,HAIKOU,SHANGHAI,2017-07-24,14:45,MU9270,3165111103635716,Y,25,N/A,WATXYD
ZAKHAR SAVIN,MR,KUALA LUMPUR,MADINAH,2017-07-25,13:30,SV3839,2708431006442815,Y,100,N/A,MAFHEZ
VIOLETTA ARTAMONOVA,MRS,BUCHAREST,ORADEA,2017-07-26,07:05,RO621,4600068007568298,Y,11,N/A,EOMGGV
VERA DOLGOVA,MRS,TAIPEI,TAIYUAN,2017-07-27,12:15,MU5012,0209858701529355,Y,15,N/A,IYTRPA
TIMUR SOFRONOV,MR,CHANGSHA,TAIPEI,2017-07-28,13:10,CI8278,3039213231663140,Y,81,N/A,TEXSGD
SAMIR BARSUKOV,MR,KAZAN,MOSCOW,2017-07-29,14:15,SU1281,2264717979478322,Y,51,N/A,WGKZTB
OLEG SHISHKIN,MR,BEIJING,SHANGHAI,2017-07-30,20:40,MU9106,7434452083458884,Y,45,N/A,REQGQF
ARSEN ZVIAGINTSEV,MR,SHANGHAI,KUNMING,2017-07-31,07:35,MU5437,9353892164786179,Y,61,N/A,TABMBI
LIDIYA AGEEVA,MRS,CHICAGO IL,NEW YORK NY,2017-08-01,12:30,DL354,8244598807444324,Y,75,N/A,SIUQKE
AGATA POSTNIKOVA,MRS,TAIPEI,BEIJING,2017-08-02,15:35,CI517,8458105856553745,A,77,N/A,CARGQX
ZARINA KOROLKOVA,MRS,BERLIN,AMSTERDAM,2017-08-03,14:35,KL1826,7724758395852885,Y,63,N/A,KXRQME
USPENSKAYA MIROSLAVA,MRS,SINGAPORE,FUZHOU,2017-08-04,06:55,MU1778,6863694205342019,Y,37,N/A,MILMRV
VERA TUMANOVA,MRS,LOS ANGELES CA,ATLANTA GA,2017-08-05,07:45,DL1403,2955339300458772,Y,14,N/A,XCYZGP
DENIS KUZIN,MR,AMSTERDAM,MONTPELLIER,2017-08-06,13:20,AF8277,1870779637774698,Y,54,N/A,BCYIDD
DANIEL ODINTSOV,MR,PARIS,TOULON/HYERES,2017-08-07,20:15,AF7509,8237074638567930,Y,18,N/A,SCDVZB
ROMANOV MIROSLAV,MR,GUAM,SEOUL,2017-08-08,02:30,KE112,4449716746609162,Y,61,N/A,LYEYYS
ARSEN ZVIAGINTSEV,MR,KUNMING,SHANGHAI,2017-08-09,09:00,MU5803,5623923288439290,Y,90,N/A,YYBXNZ
OLESIA BELIAKOVA,MRS,ROME,LAMEZIA TERME,2017-08-10,13:25,AZ1171,2206862040952996,Y,32,N/A,DCMNOF
STEPAN KARASEV,MR,NEW YORK NY,SALT LAKE CITY UT,2017-08-11,11:05,DL1437,1023651496974241,Y,8,N/A,HBOYKW
STEFANIIA KLIMOVA,MRS,RIO DE JANEIRO,PARIS,2017-08-12,21:05,AF467,3766189279815663,Y,32,N/A,QAYQTG
SOFIYA POZDNYAKOVA,MRS,JEDDAH,BANDA ACEH,2017-08-13,23:10,GA8872,8501228603291407,Y,26,N/A,WNHPRT
DAMIR LAPTEV,MR,OSAKA,DENPASAR,2017-08-14,11:00,GA883,8778811866694833,Y,53,N/A,GITRQM
DMITRIY SOBOLEV,MR,TIMISOARA,BUCHAREST,2017-08-15,11:45,RO606,9475492582951763,Y,74,N/A,VJHOLA
IL'DAR KONSTANTINOV,MR,KUALA LUMPUR,MADINAH,2017-08-16,13:30,SV3805,4561613853261034,A,60,N/A,NNQMRX
DAVID SAKHAROV,MR,LYON,TOULOUSE,2017-08-17,06:55,AF5399,5374409720652797,A,59,N/A,MNWFJI
VADIM DOBRYNIN,MR,GUANGZHOU,MELBOURNE,2017-08-18,09:05,MF9267,4190115821825225,Y,41,N/A,FZKTLR
XENIYA SOBOLEVA,MRS,MINNEAPOLIS/ST PAUL MN,CALGARY,2017-08-19,11:25,DL2347,9309637994892049,Y,48,N/A,ITGAVM
EVGENII KONDRATOV,MR,JEDDAH,KUALA LUMPUR,2017-08-20,21:45,SV3848,1133201570624355,A,76,N/A,GGSOHO
PLATON RUMYANTSEV,MR,MADINAH,MEDAN,2017-08-21,21:30,GA977,1224634560534300,Y,36,N/A,UBHHXQ
DANIEL' LEVIN,MR,BRUSSELS,ANTWERP,2017-08-22,06:10,MF9062,4022412524376333,Y,2,N/A,SBIDSL
RUSTAM EVSEEV,MR,BARCELONA,AMSTERDAM,2017-08-23,13:00,KL1670,8653308446618458,A,57,N/A,EBAZQC
AL'BERT DEM'YANOV,MR,SHANGHAI,SEOUL,2017-08-24,16:45,CZ509,4882817912257726,Y,37,N/A,ZPCGPC
ELMIRA DMITRIEVA,MRS,BOSTON MA,ORLANDO FL,2017-08-25,20:02,DL2285,4704988117884799,Y,90,N/A,HBTGAV
STEFANIYA MAL'TSEVA,MRS,SAINT PETERSBURG,SOCHI,2017-08-26,08:15,SU6563,3421542182653675,Y,11,N/A,GHDZHL
VALERIY KOLPAKOV,MR,LONDON,AMSTERDAM,2017-08-27,07:45,KL982,8855278976071203,Y,76,N/A,ZHOZAP
ILIA LOBANOV,MR,BATON ROUGE LA,ATLANTA GA,2017-08-28,16:30,DL5497,7878798959867408,Y,90,N/A,PRNLTW
SEDOVA SABINA,MRS,XIAN,SHANTOU,2017-08-29,21:55,MU2174,9705462361051476,Y,56,N/A,SIVWEQ
ODISSEY L MASLOV,MR,ATLANTA GA,HOUSTON TX,2017-08-30,13:48,DL1448,7779210016448957,Y,27,N/A,ZXOWWL
DMITRIEVA EVELINA,MRS,HANGZHOU,GUIYANG,2017-08-31,14:10,MF8493,2448664469168354,Y,67,N/A,ESLOJH
GLEB NAZAROV,MR,PUNTA DEL ESTE,BUENOS AIRES,2017-09-01,21:00,AR1343,7940774960556668,Y,9,N/A,QXJKEU
RUSTAM FADEEV,MR,HELSINKI,MOSCOW,2017-09-02,23:55,SU3965,5926220253271635,Y,86,N/A,KUWRTG
NIKA KOROTKOVA,MRS,BUFFALO NY,ATLANTA GA,2017-09-03,16:30,DL921,3641485525538704,Y,76,N/A,LMICTD
LEBEDEVA POLINA,MRS,MADINAH,DELHI,2017-09-04,07:40,SV764,4786266531322098,Y,68,N/A,DTQSIQ
RINAT ANISIMOV,MR,YEKATERINBURG,MOSCOW,2017-09-05,17:25,SU1403,1590750860002113,Y,52,N/A,DLJGUT
ROGOVA POLINA,MRS,CHONGQING,HANGZHOU,2017-09-06,09:10,MF8478,3709027827728495,Y,13,N/A,JNUHML
MARK SHAPOVALOV,MR,BRISBANE,WELLINGTON,2017-09-07,08:45,DL7235,1457803775733506,Y,92,N/A,NUAWDU
ANDREY MARKOV,MR,MADINAH,SURABAYA,2017-09-08,11:40,SV3591,2313678666153306,J,25,N/A,SKGYQV
ANTON ZUEV,MR,SHANGHAI,SHENZHEN,2017-09-09,20:25,MU5361,6964101325081258,J,76,N/A,GHMYPI
STEPAN RUBTCOV,MR,DETROIT MI,LOS ANGELES CA,2017-09-10,08:20,DL1962,1440865503321019,Y,86,N/A,DXUUAJ
MAYYA KAS'YANOVA,MRS,AMSTERDAM,DUBLIN,2017-09-11,21:20,KL939,5648894970146433,Y,46,N/A,MPIGUN
DAVID Y PIROGOV,MR,PARIS,MILAN,2017-09-12,19:30,AZ353,0558714130053137,Y,2,N/A,YSIPFT
IULIIA KRAVTCOVA,MRS,CLEVELAND OH,DETROIT MI,2017-09-13,17:45,DL3405,9340642453390235,Y,22,N/A,HQGYTW
SNEZHANA A BELYAKOVA,MRS,MOSCOW,NOVYJ URENGOJ,2017-09-14,17:20,SU1521,7509293123286460,Y,82,N/A,DULNAI
CHEBOTAREV LEV,MR,MUDANJIANG,SEOUL,2017-09-15,12:50,CZ4531,1000437526546038,J,81,N/A,YETBIU
POLINA SURKOVA,MRS,SHANGHAI,SEOUL,2017-09-16,13:00,CZ4511,3954725439150057,J,74,N/A,GSYHCA
MELANIIA PETROVSKAIA,MRS,PARIS,RIO DE JANEIRO,2017-09-17,23:35,AF442,1226238476082171,Y,37,N/A,AOKVUN
VITALINA VINOKUROVA,MRS,NANTES,PARIS,2017-09-18,06:00,KL2309,9099288050709254,Y,94,N/A,MNDUZK
AMALIYA ANISIMOVA,MRS,TOULOUSE,PARIS,2017-09-19,17:20,AF6137,3966249451143377,J,28,N/A,TTEFVN
SABINA CHEREPANOVA,MRS,FUZHOU,KUNMING,2017-09-20,08:05,MF8427,5191907485921304,Y,88,N/A,RXZWYI
VADIM BELIKOV,MR,MOSCOW,VILNIUS,2017-09-21,07:55,SU2104,8496744049613294,Y,80,N/A,BZXVTI
SHIRYAEVA MADINA,MRS,ZHENGZHOU,XINZHOU,2017-09-22,14:50,CZ6625,2669364900304337,Y,29,N/A,OQQOHE
TIMOFEY VOROB'EV,MR,CATANIA,ROME,2017-09-23,21:50,AZ1735,7933126370382668,Y,26,N/A,LFULIT
ANTONINA LEONT'EVA,MRS,BUCHAREST,MOSCOW,2017-09-24,00:50,RO9205,0103894658941080,Y,25,N/A,LEKMNW
TIMUR SHUBIN,MR,BIARRITZ,PARIS,2017-09-25,12:00,AF7655,2275323123030962,Y,98,N/A,OAMMWH
ALEKSANDRA NEFEDOVA,MRS,JEDDAH,CHENNAI,2017-09-26,21:00,SV778,5885341704416438,Y,81,N/A,JVZEKH
MILANA TARASOVA,MRS,TIANJIN,HAIKOU,2017-09-27,07:45,MF8303,8655124328489644,J,55,N/A,ETEZSP
LIDIIA PIMENOVA,MRS,GAINESVILLE FL,ATLANTA GA,2017-09-28,11:36,DL3724,2030504497364259,Y,42,N/A,ZWHMTS
RINAT OZEROV,MR,JINGHONG,KUNMING,2017-09-29,12:00,MU5723,8635113822764224,Y,95,N/A,QHCOHJ
DAVID NOVIKOV,MR,LIJIANG,SHANGHAI,2017-09-30,09:15,MU9719,1333630633473042,Y,68,N/A,JWQVUJ
ODISSEI SIMONOV,MR,SAMARA,MOSCOW,2017-10-01,06:05,SU1217,9278787053628681,P,60,N/A,MYABYI
KSENIIA LOBANOVA,MRS,SEATTLE WA,DENVER CO,2017-10-02,07:05,DL2739,2552628389620274,Y,99,N/A,BGSBDD
NATALIA SUVOROVA,MRS,TAIPEI,SAPPORO,2017-10-03,07:20,CI2130,8353437936275448,P,65,N/A,YBOGAE
LYUDMILA VOLOSHINA,MRS,LANZHOU,URUMQI,2017-10-04,22:10,CZ6968,0921677746046415,Y,71,N/A,ERROBA
LILIYA TIKHOMIROVA,MRS,MOSCOW,VILNIUS,2017-10-05,20:45,SU2108,0106831197051405,Y,28,N/A,CSMENC
VLADIMIR VORONOV,MR,CHICAGO IL,DETROIT MI,2017-10-06,10:55,DL3637,1941816054601675,Y,28,N/A,WAXJWX
VSEVOLOD VOLKOV,MR,NANNING,XIAN,2017-10-07,15:10,CZ3275,9591953465804535,Y,64,N/A,FZVRLN
DANILOVA SABINA,MRS,SEOUL,HANOI,2017-10-08,18:05,VN415,1351635769245522,Y,74,N/A,QJETSQ
YAROMIR PAKHOMOV,MR,KUALA LUMPUR,GUANGZHOU,2017-10-09,18:10,CZ3048,4591175143604510,Y,37,N/A,TJQTOR
SVIATOSLAV VORONOV,MR,NICE,NANTES,2017-10-10,10:00,AF7031,2658543048986852,Y,86,N/A,SKERUG
DAVID SHCHEGLOV,MR,KUNMING,SHANGHAI,2017-10-11,09:15,MU9451,4256639042805671,Y,26,N/A,AQAORH
PETR GORELOV,MR,NICE,PARIS,2017-10-12,11:20,AF6211,6045294595007412,Y,52,N/A,TEEHQA
ALEKSEY IZMAYLOV,MR,TAIYUAN,GUIYANG,2017-10-13,12:30,MU9605,9614428620783577,Y,69,N/A,PAPFQE
TIMUR SAFONOV,MR,BUCHAREST,IASI,2017-10-14,19:50,RO719,8147042805662175,Y,86,N/A,ASQOCW
RINAT S GOROKHOV,MR,PARIS,ROME,2017-10-15,17:50,KQ3149,3417434235749312,Y,1,N/A,ETQSHU
IGNAT MOISEEV,MR,PENANG,GUANGZHOU,2017-10-16,09:05,CZ396,5487136530878911,Y,46,N/A,EAZIXC
RADMIR VINOKUROV,MR,TAIYUAN,BEIJING,2017-10-17,11:00,MU5293,0992186388790207,Y,36,N/A,AOHEJW
ANDREY RUDAKOV,MR,CHENGDU,DAQING,2017-10-18,18:50,CZ6250,2380884085505212,Y,95,N/A,EKIRDX
TROFIMOVA KRISTINA,MRS,TENERIFE,GRAN CANARIA,2017-10-19,11:00,UX9402,6928263703009002,A,99,N/A,MUIHLL
KAROLINA NOSKOVA,MRS,NORFOLK VA,DETROIT MI,2017-10-20,05:45,DL6209,5425057235918181,Y,68,N/A,ZFRJWA
FEDOR ROMANOV,MR,ATLANTA GA,DALLAS TX,2017-10-21,09:26,DL1424,6550150773437289,Y,63,N/A,SESFAF
SVIATOSLAV PROKOFEV,MR,ATLANTA GA,MONTERREY,2017-10-22,10:15,DL784,2124621531096326,Y,52,N/A,FQAMKI
ALISA ANTONOVA,MRS,MIAMI FL,NEW YORK NY,2017-10-23,11:00,DL966,5515461760058274,Y,77,N/A,SQJLNT
MAR'YANA ARTAMONOVA,MRS,GUATEMALA CITY,LOS ANGELES CA,2017-10-24,18:50,DL592,0544315327771071,Y,38,N/A,IKOLIM
MAKEEVA GALINA,MRS,NICE,MOSCOW,2017-10-25,22:40,SU2475,1142378829980967,Y,14,N/A,DRPSCR
KAMILLA MESHCHERIAKOVA,MRS,HANGZHOU,ZHENGZHOU,2017-10-26,11:10,MU9295,0166012910080333,Y,88,N/A,JPHRVU
VASILIY MITROFANOV,MR,REGGIO DI CALABRIA,TURIN,2017-10-27,10:00,AZ7427,7875770453567311,Y,40,N/A,UPFJWG
NIKITA SHCHEGLOV,MR,SHANGHAI,KUNMING,2017-10-28,19:00,MU5812,5897476680207502,Y,17,N/A,CGRFJS
SABINA SEMENOVA,MRS,DETROIT MI,SAN ANTONIO TX,2017-10-29,20:25,DL3704,5342788087652870,Y,65,N/A,VMQMOF
DANIL GORBUNOV,MR,WUHAN,GUIYANG,2017-10-30,16:10,CZ6390,8385387458885672,Y,13,N/A,LGVUGD
EKATERINA SEMINA,MRS,MOMBASA,NAIROBI,2017-10-31,08:10,KQ601,2784547452944176,Y,21,N/A,QSGGXV
EVELINA ZIMINA,MRS,BOSTON MA,NEW YORK NY,2017-11-01,12:00,DL2783,7185845897756613,J,47,N/A,HIZELD
ARTEMIY MARKELOV,MR,KNOXVILLE TN,DETROIT MI,2017-11-02,12:55,DL3480,9378924335223169,A,100,N/A,VTFJLL
ALEXANDRA LUK'YANOVA,MRS,WARSAW,PARIS,2017-11-03,17:20,AF1047,7169880572413749,Y,71,N/A,ICSJMH
OXANA N LAPINA,MRS,MEXICO CITY,CIUDAD DEL CARMEN,2017-11-04,06:01,AM256,9640548621384699,Y,65,N/A,XDJGBP
TAISIYA VOLKOVA,MRS,BALTIMORE MD,DETROIT MI,2017-11-05,05:45,DL1937,0481697275905100,Y,19,N/A,CEBQTP
MARIYA GLUKHOVA,MRS,SEATTLE WA,PHOENIX AZ,2017-11-06,11:20,DL1922,4184674936444506,Y,64,N/A,WXOONT
EDUARD KOZLOV,MR,ORLANDO FL,DETROIT MI,2017-11-07,16:10,DL2819,5261416244720734,Y,57,N/A,SNPUVQ
NIKOLAY KIREEV,MR,DOHA,BEIRUT,2017-11-08,20:35,ME439,4414313740827666,Y,40,N/A,XJCUZS
TUMANOV IAROSLAV,MR,JEDDAH,TABUK,2017-11-09,20:10,SV1551,1784282392465535,Y,90,N/A,OCZQZG
SAMIR MALTCEV,MR,DETROIT MI,TORONTO,2017-11-10,20:20,DL5507,5666662890858387,Y,90,N/A,KFRNHZ
MARIYA A TITOVA,MRS,PARIS,CHENNAI,2017-11-11,10:10,AF6792,9378462610254178,Y,86,N/A,CEJSLA
MARINA GORIUNOVA,MRS,LOS ANGELES CA,GUATEMALA CITY,2017-11-12,11:00,DL746,4409627457802571,Y,42,N/A,ZUPSLD
RAMIL PANKOV,MR,YICHUN,SHANGHAI,2017-11-13,13:25,MU5668,2137247689761536,A,58,N/A,MCTNBD
SAVELIY ISAKOV,MR,GUANGZHOU,CHANGSHA,2017-11-14,21:15,CZ331,8515566888568469,Y,17,N/A,SOSNSY
POKROVSKIY SVYATOSLAV,MR,VOLGOGRAD,MOSCOW,2017-11-15,03:10,SU1181,8787894394045625,Y,60,N/A,VHTLXO
MILANA EZHOVA,MRS,GUANGZHOU,SHANGHAI,2017-11-16,12:00,CZ3539,3948237497954573,A,34,N/A,LCUWGO
MARAT SIMONOV,MR,KUALA LUMPUR,GUANGZHOU,2017-11-17,08:50,CZ366,6581083539735107,Y,86,N/A,BBKFEX
VITALIY FOKIN,MR,MOSCOW,KRASNOYARSK,2017-11-18,10:40,SU1486,8554454301916339,Y,67,N/A,QWIRXJ
EGOR ALEXEEV,MR,DA NANG,TOKYO,2017-11-19,00:30,VN318,2567293403002067,A,70,N/A,GVPYVN
LIDIYA MOISEEVA,MRS,URUMQI,KORLA,2017-11-20,12:50,CZ6931,4752427734034823,Y,51,N/A,YQIPTA
ANZHELIKA USOVA,MRS,LOS ANGELES CA,LAS VEGAS NV,2017-11-21,15:00,DL665,9784116505931328,Y,33,N/A,UZJZDJ
VOLOSHINA AL'BINA,MRS,NICE,PARIS,2017-11-22,17:40,AF6223,3397291296531695,Y,71,N/A,ASPVHL
NELLI GRACHEVA,MRS,LOS ANGELES CA,SEATTLE WA,2017-11-23,07:35,DL2720,0652170383817697,Y,94,N/A,FTLDVP
SVYATOSLAV PASTUKHOV,MR,WASHINGTON,RIYADH,2017-11-24,17:00,SV38,8492210977411293,Y,57,N/A,ZPOOSF
VERONIKA GORYACHEVA,MRS,BUENOS AIRES,POSADAS,2017-11-25,21:30,AR1757,4875388392136317,Y,93,N/A,KJAXNE
DMITRII GOLOVANOV,MR,MINNEAPOLIS/ST PAUL MN,BOISE ID,2017-11-26,11:30,DL3539,0762361762268625,Y,93,N/A,JCMKZW
GERMAN SYCHEV,MR,POINTE A PITRE,SAINT LUCIA,2017-11-27,15:30,AF4587,4403940575962507,Y,35,N/A,YGANQR
EVDOKIMOVA MADINA,MRS,NANTES,PARIS,2017-11-28,06:00,AF7721,3406069833713008,Y,78,N/A,PKXFAB
SVETLANA OSIPOVA,MRS,SALT LAKE CITY UT,LOS ANGELES CA,2017-11-29,10:00,DL1228,3146078827636371,Y,3,N/A,ZOZQDM
FILIPP OVCHINNIKOV,MR,MINNEAPOLIS/ST PAUL MN,BISMARCK ND,2017-11-30,22:25,DL505,3834507156536168,Y,70,N/A,DWIBAJ
VASILIY TRET'YAKOV,MR,BAMAKO,DAKAR,2017-12-01,13:20,KQ512,5476705517609897,Y,50,N/A,GXLIOM
IGNAT BIRIUKOV,MR,CHANGCHUN,SEOUL,2017-12-02,09:20,CZ687,4669324538222370,Y,55,N/A,DQYGCP
ALISA Y ZVEREVA,MRS,CHANGSHA,GUANGZHOU,2017-12-03,21:10,CZ6178,9939216591018348,Y,1,N/A,QZMDTU
DANIL ZUBOV,MR,ATLANTA GA,CHATTANOOGA TN,2017-12-04,14:09,DL5127,7646672078498011,Y,67,N/A,YJADYK
DANIIL MALININ,MR,ALBANY NY,DETROIT MI,2017-12-05,09:34,DL6215,8497155579425770,P,1,N/A,UQLMXS
DEMID DROZDOV,MR,PARIS,RENNES,2017-12-06,21:30,AF7638,1065484503034030,Y,26,N/A,VHAKHE
ARSEN SPIRIDONOV,MR,HONG KONG,WUYISHAN,2017-12-07,18:25,MF8008,8341755097926283,A,1,N/A,QPOMZL
TIKHON LEVIN,MR,MIAMI FL,ATLANTA GA,2017-12-08,13:43,DL1608,5015297622724439,Y,60,N/A,GVFPBE
EGOR CHISTIAKOV,MR,ABHA,RIYADH,2017-12-09,13:35,SV1887,7976940101933048,Y,37,N/A,IGMFUA
LILIIA GULIAEVA,MRS,PALERMO,MILAN,2017-12-10,19:55,AZ1790,3641238267082914,Y,96,N/A,BQGJYG
AMIR NOSKOV,MR,HANOI,HO CHI MINH CITY,2017-12-11,21:30,VN287,1389141785779901,A,40,N/A,EMECAG
VERA SAMSONOVA,MRS,SHANGHAI,SEOUL,2017-12-12,07:05,KE5808,3114794959066794,Y,38,N/A,HRWVZW
DMITRIEVA DARINA,MRS,IASI,BUCHAREST,2017-12-13,05:45,RO710,0316829598172491,Y,18,N/A,WNHHMW
DAR'YA S ANDREEVA,MRS,PETROPAVLOVSK,MOSCOW,2017-12-14,13:25,SU1731,2332793727142603,Y,1,N/A,QIEKHB
STEPAN SINITSYN,MR,KUNMING,NANJING,2017-12-15,19:40,MU2758,6908740142301437,A,23,N/A,YPAMAF
YAROMIR OVSYANNIKOV,MR,SEATTLE WA,SAN FRANCISCO CA,2017-12-16,16:00,DL1455,0478896217271723,Y,31,N/A,MAOVLD
YURIY KONSTANTINOV,MR,NEW YORK NY,MILWAUKEE WI,2017-12-17,08:30,DL3688,3504268709714503,Y,58,N/A,PZIJHR
SAVVA A ERMAKOV,MR,DETROIT MI,NEW YORK NY,2017-12-18,14:15,DL6009,5500982455531061,Y,7,N/A,ROLSQK
RUDAKOVA IRINA,MRS,TORONTO,MEXICO CITY,2017-12-19,09:15,AM693,7809806839863012,Y,96,N/A,GKMGDD
SOFIIA UVAROVA,MRS,MOSCOW,ULAANBAATAR,2017-12-20,19:05,SU330,7027473079778139,Y,56,N/A,KNESSN
ALEXEY BASHIROV,MR,YULIN,FUZHOU,2017-12-21,17:50,MU2276,2050481997269914,Y,85,N/A,LOZLLG
VASILISA GORELOVA,MRS,ZUNYI,HANGZHOU,2017-12-22,13:30,MF8266,3379670780118103,Y,52,N/A,WGGPTD
AMINA LOGINOVA,MRS,DETROIT MI,EVANSVILLE IN,2017-12-23,20:15,DL3481,7791072925085324,Y,54,N/A,CRLVEO
NATALIA AVDEEVA,MRS,ATLANTA GA,PHOENIX AZ,2017-12-24,21:32,DL2167,1965485356775606,Y,59,N/A,VUOLPF
ALEKSANDRA TITOVA,MRS,KO SAMUI,BANGKOK,2017-12-25,13:55,CI9846,9938611560200276,Y,27,N/A,DSQSJC
IANA GULIAEVA,MRS,TBILISI,AMSTERDAM,2017-12-26,05:30,KL3109,6385727946830327,Y,58,N/A,LJIYQW
SAVVA KAPUSTIN,MR,YANGON,HO CHI MINH CITY,2017-12-27,11:10,VN942,0315062357879969,J,79,N/A,FJUDOU
BOGDAN EZHOV,MR,DZAOUDZI,NAIROBI,2017-12-28,10:45,KQ255,2913853605700049,A,19,N/A,HNPCIF
VASILINA STOLYAROVA,MRS,ATLANTA GA,SPRINGFIELD MO,2017-12-29,08:56,DL5122,9348991590400308,Y,71,N/A,SVFYXR
LIDIIA SERGEEVA,MRS,SEOUL,ULAANBAATAR,2017-12-30,13:00,KE867,2820302056612182,Y,95,N/A,UAQIIB
STANISLAV PARFENOV,MR,MINNEAPOLIS/ST PAUL MN,SAN DIEGO CA,2017-12-31,11:20,DL1916,7745416973964779,Y,10,N/A,REHZNE
MARK BULGAKOV,MR,OSAKA,HO CHI MINH CITY,2018-01-01,10:30,VN321,4532895033787183,Y,84,N/A,OMDWCK
